{"ts_code":{"0":"000001.SZ","1":"000001.SZ","2":"000001.SZ","3":"000001.SZ","4":"000001.SZ","5":"000001.SZ","6":"000001.SZ","7":"000001.SZ","8":"000001.SZ","9":"000001.SZ","10":"000001.SZ","11":"000001.SZ","12":"000001.SZ"},"trade_date":{"0":"20180718","1":"20180717","2":"20180716","3":"20180713","4":"20180712","5":"20180711","6":"20180710","7":"20180709","8":"20180706","9":"20180705","10":"20180704","11":"20180703","12":"20180702"},"open":{"0":8.75,"1":8.74,"2":8.85,"3":8.92,"4":8.6,"5":8.76,"6":9.02,"7":8.69,"8":8.61,"9":8.62,"10":8.63,"11":8.69,"12":9.05},"high":{"0":8.85,"1":8.75,"2":8.9,"3":8.94,"4":8.97,"5":8.83,"6":9.02,"7":9.03,"8":8.78,"9":8.73,"10":8.75,"11":8.7,"12":9.05},"low":{"0":8.69,"1":8.66,"2":8.69,"3":8.82,"4":8.58,"5":8.68,"6":8.89,"7":8.68,"8":8.45,"9":8.55,"10":8.61,"11":8.45,"12":8.55},"close":{"0":8.7,"1":8.72,"2":8.73,"3":8.88,"4":8.88,"5":8.78,"6":8.98,"7":9.03,"8":8.66,"9":8.6,"10":8.61,"11":8.67,"12":8.61},"pre_close":{"0":8.72,"1":8.73,"2":8.88,"3":8.88,"4":8.64,"5":8.98,"6":9.03,"7":8.66,"8":8.6,"9":8.61,"10":8.67,"11":8.61,"12":9.09},"change":{"0":-0.02,"1":-0.01,"2":-0.15,"3":0.0,"4":0.24,"5":-0.2,"6":-0.05,"7":0.37,"8":0.06,"9":-0.01,"10":-0.06,"11":0.06,"12":-0.48},"pct_chg":{"0":-0.23,"1":-0.11,"2":-1.69,"3":0.0,"4":2.78,"5":-2.23,"6":-0.55,"7":4.27,"8":0.7,"9":-0.12,"10":-0.69,"11":0.7,"12":-5.28},"vol":{"0":525152.77,"1":375356.33,"2":689845.58,"3":603378.21,"4":1140492.3100000001,"5":851296.7,"6":896862.02,"7":1409954.6000000001,"8":988282.6899999999,"9":835768.77,"10":711153.37,"11":1274838.5700000001,"12":1315520.1299999999},"amount":{"0":460697.377,"1":326396.994,"2":603427.713,"3":535401.175,"4":1008658.828,"5":744765.824,"6":803038.965,"7":1255007.6089999999,"8":852071.526,"9":722169.579,"10":617278.559,"11":1096657.0330000001,"12":1158545.868}}